id,fixtime,latitude,longitude,altitude,speed,course,accuracy
"581000",2020/09/28 19:48:30,54.907135,11.8750416,22,35.637162,11,0
"581001",2020/09/28 19:48:31,54.9072966,11.8750966,22,35.097205,11,0
"581002",2020/09/28 19:48:32,54.9074549,11.8751566,22,34.557248,12,0
"581003",2020/09/28 19:48:33,54.9076133,11.8752183,22,34.017291,14,0
"581004",2020/09/28 19:48:34,54.9077716,11.8752816,21,34.017291,14,0
"581005",2020/09/28 19:48:35,54.9079249,11.8753483,21,33.477334,16,0
"581006",2020/09/28 19:48:36,54.9080766,11.8754149,22,33.477334,15,0
"581007",2020/09/28 19:48:37,54.9082283,11.8754716,25,34.557248,14,0
"581008",2020/09/28 19:48:38,54.90838,11.8755366,26,34.017291,14,0
"581009",2020/09/28 19:48:39,54.908535,11.8755966,27,34.017291,14,0
"581010",2020/09/28 19:48:40,54.9086816,11.8756616,26,33.477334,13,0
"581011",2020/09/28 19:48:41,54.9088283,11.8757216,25,33.477334,12,0
"581012",2020/09/28 19:48:42,54.9089733,11.8757783,25,32.937377,11,0
"581013",2020/09/28 19:48:43,54.9091216,11.87583,25,32.39742,10,0
"581014",2020/09/28 19:48:44,54.9092699,11.875875,25,32.39742,9,0
"581015",2020/09/28 19:48:45,54.9094216,11.875915,25,33.477334,8,0
"581016",2020/09/28 19:48:46,54.9095783,11.87595,25,34.557248,7,0
"581017",2020/09/28 19:48:47,54.9097399,11.87598,25,35.097205,6,0
"581018",2020/09/28 19:48:48,54.9099016,11.876005,25,34.557248,5,0
"581019",2020/09/28 19:48:49,54.9100616,11.8760266,25,34.017291,5,0
"581020",2020/09/28 19:48:50,54.9102183,11.876045,25,33.477334,4,0
"581021",2020/09/28 19:48:51,54.9102183,11.876045,25,33.477334,4,0
"581022",2020/09/28 19:48:52,54.910525,11.8760783,26,31.317506,3,0
"581023",2020/09/28 19:48:53,54.910525,11.8760783,26,31.317506,3,0
"581024",2020/09/28 19:48:54,54.9108016,11.8760983,26,27.537807,2,0
"581025",2020/09/28 19:48:55,54.9109216,11.87611,26,24.298065,2,0
"581026",2020/09/28 19:48:56,54.911025,11.8761166,26,20.518366,2,0
"581027",2020/09/28 19:48:57,54.9111183,11.8761216,26,18.898495,358,0
"581028",2020/09/28 19:48:58,54.9111916,11.8760966,26,16.19871,344,0
"581029",2020/09/28 19:48:59,54.911235,11.8760383,25,13.498925,319,0
"581030",2020/09/28 19:49:00,54.9112533,11.875945,25,14.578839,297,0
"581031",2020/09/28 19:49:01,54.9112533,11.875945,25,14.578839,297,0
"581032",2020/09/28 19:49:02,54.9112933,11.8756983,25,16.738667,290,0
"581033",2020/09/28 19:49:03,54.91132,11.8755616,25,17.818581,290,0
"581034",2020/09/28 19:49:04,54.9113466,11.8754233,25,18.898495,292,0
"581035",2020/09/28 19:49:05,54.91138,11.8752783,25,19.978409,292,0
"581036",2020/09/28 19:49:06,54.9114166,11.8751249,24,21.058323,293,0
"581037",2020/09/28 19:49:07,54.9114516,11.874965,24,21.59828,292,0
"581038",2020/09/28 19:49:08,54.91149,11.8747983,24,22.138237,291,0
"581039",2020/09/28 19:49:09,54.911525,11.87463,25,22.678194,291,0
"581040",2020/09/28 19:49:10,54.9115633,11.8744583,25,22.678194,292,0
"581041",2020/09/28 19:49:11,54.9115633,11.8744583,25,22.678194,292,0
"581042",2020/09/28 19:49:12,54.9116349,11.8741183,24,23.218151,291,0
"581043",2020/09/28 19:49:13,54.911675,11.8739416,24,23.758108,292,0
"581044",2020/09/28 19:49:14,54.9117166,11.8737583,24,24.838022,292,0
"581045",2020/09/28 19:49:15,54.911765,11.8735699,24,25.377979,294,0
"581046",2020/09/28 19:49:15,54.911765,11.8735699,24,25.377979,294,0
"581047",2020/09/28 19:49:16,54.9118133,11.8733816,24,24.298065,291,0
"581048",2020/09/28 19:49:17,54.9118599,11.8731883,24,25.917936,290,0
"581049",2020/09/28 19:49:18,54.9119133,11.8729766,24,27.537807,293,0
"581050",2020/09/28 19:49:18,54.9119133,11.8729766,24,27.537807,293,0
"581051",2020/09/28 19:49:19,54.911965,11.8727633,25,27.537807,292,0
"581052",2020/09/28 19:49:20,54.911965,11.8727633,25,27.537807,292,0
"581053",2020/09/28 19:49:21,54.9120733,11.8723216,25,29.697635,292,0
"581054",2020/09/28 19:49:21,54.9120733,11.8723216,25,29.697635,292,0
"581055",2020/09/28 19:49:22,54.9121283,11.8720966,26,29.157678,291,0
"581056",2020/09/28 19:49:23,54.9121783,11.8718766,26,29.157678,291,0
"581057",2020/09/28 19:49:23,54.9121783,11.8718766,26,29.157678,291,0
"581058",2020/09/28 19:49:24,54.9122316,11.8716549,26,29.157678,291,0
"581059",2020/09/28 19:49:25,54.9122816,11.87143,26,29.157678,291,0
"581060",2020/09/28 19:49:26,54.9122816,11.87143,26,29.157678,291,0
"581061",2020/09/28 19:49:26,54.9122816,11.87143,26,29.157678,291,0
"581062",2020/09/28 19:49:27,54.9123783,11.8709716,26,30.237592,289,0
"581063",2020/09/28 19:49:28,54.912425,11.8707333,26,30.777549,287,0
"581064",2020/09/28 19:49:28,54.912425,11.8707333,26,30.777549,287,0
"581065",2020/09/28 19:49:29,54.912465,11.870495,26,30.777549,286,0
"581066",2020/09/28 19:49:30,54.9125033,11.8702516,26,30.777549,284,0
"581067",2020/09/28 19:49:31,54.9125383,11.8700116,25,30.777549,284,0
"581068",2020/09/28 19:49:32,54.9125383,11.8700116,25,30.777549,284,0
"581069",2020/09/28 19:49:33,54.9125983,11.8695416,25,29.697635,284,0
"581070",2020/09/28 19:49:34,54.91263,11.8693116,25,29.157678,284,0
"581072",2020/09/28 19:49:35,54.9126633,11.8690866,24,27.537807,284,0
"581073",2020/09/28 19:49:36,54.912695,11.8688733,24,26.457893,284,0
"581074",2020/09/28 19:49:37,54.9127233,11.8686766,24,25.377979,285,0
"581075",2020/09/28 19:49:38,54.9127533,11.8684883,24,23.218151,286,0
"581076",2020/09/28 19:49:39,54.9127766,11.8683299,24,19.978409,285,0
"581077",2020/09/28 19:49:40,54.9127966,11.8681883,24,17.818581,285,0
"581078",2020/09/28 19:49:41,54.912815,11.8680683,24,14.578839,284,0
"581079",2020/09/28 19:49:42,54.912815,11.8680683,24,14.578839,284,0
"581080",2020/09/28 19:49:43,54.9128299,11.8679,24,8.639312,275,0
"581081",2020/09/28 19:49:44,54.9128216,11.8678433,23,7.019441,253,0
"581082",2020/09/28 19:49:45,54.9127983,11.8678016,23,7.019441,230,0
"581083",2020/09/28 19:49:46,54.9127683,11.86777,23,7.559398,213,0
"581084",2020/09/28 19:49:47,54.9127316,11.8677466,23,8.639312,201,0
"581085",2020/09/28 19:49:48,54.9126883,11.8677299,23,9.179269,188,0
"581086",2020/09/28 19:49:49,54.9126416,11.8677183,23,10.259183,187,0
"581087",2020/09/28 19:49:50,54.9125933,11.8677083,23,10.79914,185,0
"581088",2020/09/28 19:49:51,54.9125416,11.8676983,23,11.879054,185,0
"581089",2020/09/28 19:49:52,54.9124866,11.8676866,23,12.419011,186,0
"581090",2020/09/28 19:49:53,54.9124283,11.867675,24,12.958968,186,0
"581091",2020/09/28 19:49:54,54.9123716,11.8676633,24,12.419011,186,0
"581092",2020/09/28 19:49:55,54.912315,11.86765,24,11.879054,186,0
"581093",2020/09/28 19:49:56,54.91226,11.8676383,24,12.419011,186,0
"581094",2020/09/28 19:49:57,54.9122033,11.8676266,24,12.419011,186,0
"581095",2020/09/28 19:49:58,54.912145,11.867615,24,12.958968,186,0
"581096",2020/09/28 19:49:59,54.9120849,11.8676033,25,12.958968,186,0
"581097",2020/09/28 19:50:00,54.9120233,11.8675916,25,13.498925,186,0
"581098",2020/09/28 19:50:01,54.9119583,11.8675799,25,14.038882,186,0
"581099",2020/09/28 19:50:02,54.9118933,11.86757,25,14.038882,186,0
"581100",2020/09/28 19:50:03,54.911825,11.8675533,26,14.578839,187,0
"581101",2020/09/28 19:50:04,54.911825,11.8675533,26,14.578839,187,0
"581102",2020/09/28 19:50:05,54.9116866,11.8675233,26,15.118796,187,0
"581103",2020/09/28 19:50:06,54.9116133,11.8675083,26,15.658753,187,0
"581104",2020/09/28 19:50:07,54.91154,11.8674916,26,16.19871,187,0
"581105",2020/09/28 19:50:08,54.9114649,11.867475,26,16.19871,187,0
"581106",2020/09/28 19:50:09,54.9114649,11.867475,26,16.19871,187,0
"581107",2020/09/28 19:50:10,54.9114649,11.867475,26,16.19871,187,0
"581108",2020/09/28 19:50:11,54.9113066,11.8674399,26,17.278624,187,0
"581109",2020/09/28 19:50:11,54.911225,11.86742,27,17.818581,187,0
"581110",2020/09/28 19:50:12,54.9111416,11.8673983,27,17.818581,187,0
"581111",2020/09/28 19:50:13,54.9110566,11.8673799,27,17.818581,186,0
"581112",2020/09/28 19:50:14,54.91097,11.8673666,27,18.358538,184,0
"581113",2020/09/28 19:50:15,54.9108833,11.8673616,28,18.358538,180,0
"581114",2020/09/28 19:50:16,54.9107933,11.8673683,27,18.898495,174,0
"581115",2020/09/28 19:50:17,54.9107016,11.8673916,27,19.978409,169,0
"581116",2020/09/28 19:50:18,54.910605,11.8674316,28,20.518366,166,0
"581117",2020/09/28 19:50:19,54.9105116,11.8674766,28,20.518366,161,0
"581118",2020/09/28 19:50:20,54.9104183,11.8675333,29,21.058323,160,0
"581119",2020/09/28 19:50:21,54.9103233,11.8675899,29,21.058323,160,0
"581120",2020/09/28 19:50:22,54.91023,11.8676483,29,21.058323,160,0
"581121",2020/09/28 19:50:23,54.910135,11.867705,30,21.058323,160,0
"581122",2020/09/28 19:50:24,54.91004,11.8677583,31,21.59828,163,0
"581123",2020/09/28 19:50:25,54.9099416,11.8678083,31,22.678194,165,0
"581124",2020/09/28 19:50:26,54.9098383,11.8678533,32,23.758108,168,0
"581125",2020/09/28 19:50:27,54.9097266,11.8678866,32,24.838022,170,0
"581126",2020/09/28 19:50:28,54.9096166,11.867925,32,24.838022,170,0
"581127",2020/09/28 19:50:29,54.9094983,11.8679566,32,25.917936,170,0
"581128",2020/09/28 19:50:30,54.9093766,11.86799,32,26.457893,170,0
"581129",2020/09/28 19:50:31,54.9092533,11.86802,32,26.99785,171,0
"581130",2020/09/28 19:50:32,54.909125,11.86805,32,27.537807,171,0
"581131",2020/09/28 19:50:33,54.908995,11.86808,32,28.077764,171,0
"581132",2020/09/28 19:50:34,54.9088633,11.8681116,32,28.617721,171,0
"581133",2020/09/28 19:50:35,54.9087316,11.8681583,31,28.617721,166,0
"581134",2020/09/28 19:50:36,54.9085966,11.8681983,31,29.157678,171,0
"581135",2020/09/28 19:50:37,54.90846,11.8682366,31,29.157678,170,0
"581136",2020/09/28 19:50:38,54.908325,11.8682783,31,29.157678,170,0
"581137",2020/09/28 19:50:39,54.90819,11.8683183,30,29.157678,171,0
"581138",2020/09/28 19:50:40,54.9080566,11.8683583,30,29.157678,170,0
"581139",2020/09/28 19:50:41,54.9079233,11.8683983,30,28.617721,170,0
"581140",2020/09/28 19:50:42,54.9077916,11.8684383,30,28.617721,171,0
"581141",2020/09/28 19:50:43,54.9076616,11.86847,30,28.077764,171,0
"581142",2020/09/28 19:50:44,54.9075333,11.8685033,29,26.99785,170,0
"581143",2020/09/28 19:50:45,54.9074083,11.8685383,29,26.457893,171,0
"581144",2020/09/28 19:50:46,54.90729,11.8685683,29,25.377979,171,0
"581145",2020/09/28 19:50:47,54.907175,11.8686,29,24.838022,170,0
"581146",2020/09/28 19:50:48,54.9070633,11.8686299,29,24.298065,171,0
"581147",2020/09/28 19:50:49,54.90695,11.8686616,28,24.298065,171,0
"581148",2020/09/28 19:50:50,54.9068366,11.8686933,28,24.838022,171,0
"581149",2020/09/28 19:50:51,54.9067216,11.8687266,28,25.377979,170,0
"581150",2020/09/28 19:50:52,54.9066033,11.8687583,27,25.917936,170,0
"581151",2020/09/28 19:50:53,54.906485,11.86879,27,25.917936,170,0
"581152",2020/09/28 19:50:54,54.9063633,11.8688233,27,26.457893,170,0
"581153",2020/09/28 19:50:55,54.9062383,11.8688583,26,26.99785,170,0
"581154",2020/09/28 19:50:56,54.9061116,11.8688933,26,27.537807,170,0
"581155",2020/09/28 19:50:57,54.9059833,11.8689299,26,28.077764,170,0
"581156",2020/09/28 19:50:58,54.9058533,11.8689666,26,28.617721,171,0
"581157",2020/09/28 19:50:59,54.90572,11.8690016,25,29.157678,171,0
"581158",2020/09/28 19:51:00,54.9055833,11.8690383,25,30.237592,171,0
"581159",2020/09/28 19:51:01,54.9054416,11.8690783,25,29.697635,171,0
"581160",2020/09/28 19:51:02,54.9052966,11.8691183,25,31.317506,170,0
"581161",2020/09/28 19:51:03,54.9051483,11.8691616,25,31.857463,170,0
"581162",2020/09/28 19:51:04,54.905,11.869205,25,31.857463,170,0
"581163",2020/09/28 19:51:05,54.9048516,11.8692466,25,32.39742,170,0
"581164",2020/09/28 19:51:06,54.9047,11.86929,25,32.39742,170,0
"581165",2020/09/28 19:51:07,54.90455,11.8693316,26,32.39742,170,0
"581166",2020/09/28 19:51:08,54.9044016,11.8693766,26,31.857463,170,0
"581167",2020/09/28 19:51:09,54.904255,11.8694183,26,31.857463,170,0
"581168",2020/09/28 19:51:10,54.90411,11.8694566,27,30.777549,171,0
"581169",2020/09/28 19:51:11,54.9039683,11.8694916,27,29.697635,171,0
"581170",2020/09/28 19:51:12,54.9038333,11.8695233,27,28.617721,171,0
"581171",2020/09/28 19:51:13,54.903705,11.8695566,27,26.99785,171,0
"581172",2020/09/28 19:51:14,54.90358,11.8695866,28,26.457893,171,0
"581173",2020/09/28 19:51:15,54.9034599,11.8696166,28,25.377979,171,0
"581174",2020/09/28 19:51:16,54.9033416,11.8696483,28,25.917936,171,0
"581175",2020/09/28 19:51:17,54.9032216,11.8696816,28,25.917936,170,0
"581176",2020/09/28 19:51:18,54.9031016,11.869715,28,25.917936,171,0
"581177",2020/09/28 19:51:19,54.9029816,11.8697466,28,25.917936,171,0
"581178",2020/09/28 19:51:20,54.9028633,11.8697783,27,25.377979,171,0
"581179",2020/09/28 19:51:21,54.9027483,11.8698083,27,24.838022,170,0
"581180",2020/09/28 19:51:22,54.9026349,11.8698399,27,24.298065,170,0
"581181",2020/09/28 19:51:23,54.9025266,11.8698716,27,23.218151,170,0
"581182",2020/09/28 19:51:24,54.9024233,11.8698999,27,22.138237,170,0
"581183",2020/09/28 19:51:25,54.9023266,11.86993,26,20.518366,170,0
"581184",2020/09/28 19:51:26,54.902235,11.8699533,26,18.898495,172,0
"581185",2020/09/28 19:51:27,54.9021499,11.8699633,25,17.818581,178,0
"581186",2020/09/28 19:51:28,54.9020683,11.8699516,25,18.358538,190,0
"581187",2020/09/28 19:51:29,54.9019866,11.8699183,25,18.358538,196,0
"581188",2020/09/28 19:51:30,54.9019083,11.8698716,24,18.358538,200,0
"581189",2020/09/28 19:51:31,54.90183,11.8698183,24,18.358538,201,0
"581190",2020/09/28 19:51:32,54.9017583,11.8697583,23,16.738667,203,0
"581191",2020/09/28 19:51:33,54.9016933,11.8697066,23,14.578839,202,0
"581192",2020/09/28 19:51:34,54.9016383,11.8696566,22,12.419011,205,0
"581193",2020/09/28 19:51:35,54.9015966,11.8696183,22,8.639312,205,0
"581194",2020/09/28 19:51:36,54.9015699,11.869595,22,5.39957,206,0
"581195",2020/09/28 19:51:37,54.9015566,11.8695833,22,2.159828,206,0
"581196",2020/09/28 19:51:38,54.9015483,11.8695766,22,0,206,0
"581197",2020/09/28 19:51:39,54.9015416,11.8695783,22,0,206,0
"581198",2020/09/28 19:51:40,54.9015216,11.869595,22,6.479484,157,0
"581199",2020/09/28 19:51:41,54.901495,11.8696366,22,9.179269,127,0
"581200",2020/09/28 19:51:42,54.9014733,11.8697183,21,11.339097,108,0
"581201",2020/09/28 19:51:43,54.9014583,11.8698249,21,14.038882,102,0
"581203",2020/09/28 19:51:44,54.901445,11.8699433,21,14.578839,100,0
"581204",2020/09/28 19:51:45,54.90143,11.8700699,21,15.658753,102,0
"581205",2020/09/28 19:51:46,54.9014166,11.87021,21,18.358538,101,0
"581206",2020/09/28 19:51:47,54.9014066,11.8703633,21,19.438452,97,0
"581207",2020/09/28 19:51:48,54.9014,11.8705383,21,21.058323,93,0
"581208",2020/09/28 19:51:49,54.9013983,11.8707199,21,21.59828,90,0
"581209",2020/09/28 19:51:50,54.9014016,11.8708966,21,19.978409,88,0
"581210",2020/09/28 19:51:51,54.9014,11.87107,20,19.978409,92,0
"581211",2020/09/28 19:51:52,54.9013933,11.8712483,20,21.058323,94,0
"581212",2020/09/28 19:51:53,54.9013833,11.87144,20,22.678194,95,0
"581213",2020/09/28 19:51:54,54.9013783,11.871615,21,19.978409,91,0
"581214",2020/09/28 19:51:55,54.901375,11.8717733,21,18.358538,88,0
"581215",2020/09/28 19:51:56,54.9013716,11.87192,21,16.19871,88,0
"581216",2020/09/28 19:51:57,54.901365,11.8720533,21,14.578839,95,0
"581217",2020/09/28 19:51:58,54.9013533,11.8721633,21,12.419011,105,0
"581218",2020/09/28 19:51:59,54.90135,11.8722316,22,5.939527,91,0
"581219",2020/09/28 19:52:00,54.9013483,11.8722699,22,1.619871,91,0
"581220",2020/09/28 19:52:01,54.901345,11.8722866,23,0,91,0
"581221",2020/09/28 19:52:02,54.9013516,11.8722883,23,0,91,0
"581222",2020/09/28 19:52:03,54.9013566,11.8722999,23,0,91,0
"581223",2020/09/28 19:52:04,54.9013566,11.8722999,23,0,91,0
"581224",2020/09/28 19:52:05,54.9013566,11.8722999,23,0,91,0
"581225",2020/09/28 19:52:06,54.9013566,11.8722999,23,0,91,0
"581226",2020/09/28 19:52:07,54.9013566,11.8722999,23,0,91,0
"581227",2020/09/28 19:52:08,54.9013566,11.8722999,23,0,91,0
"581228",2020/09/28 19:52:09,54.9013566,11.8722999,23,0,91,0
"581229",2020/09/28 19:52:10,54.9013566,11.8722999,23,0,91,0
"581230",2020/09/28 19:52:11,54.901375,11.8723933,23,7.559398,42,0
"581231",2020/09/28 19:52:12,54.90141,11.872435,23,10.259183,27,0
"581232",2020/09/28 19:52:13,54.9014599,11.872475,23,13.498925,21,0
"581233",2020/09/28 19:52:14,54.901525,11.8725033,23,15.658753,10,0
"581234",2020/09/28 19:52:15,54.901605,11.872525,23,18.358538,8,0
"581235",2020/09/28 19:52:16,54.9016983,11.87255,23,21.058323,9,0
"581236",2020/09/28 19:52:17,54.9018016,11.8725799,24,23.218151,11,0
"581237",2020/09/28 19:52:18,54.901915,11.8726266,24,25.377979,14,0
"581238",2020/09/28 19:52:19,54.9020333,11.872685,24,26.99785,16,0
"581239",2020/09/28 19:52:20,54.9021633,11.8727516,24,28.617721,18,0
"581240",2020/09/28 19:52:21,54.9022983,11.8728283,24,30.237592,18,0
"581241",2020/09/28 19:52:22,54.9024366,11.8729083,25,31.317506,19,0
"581242",2020/09/28 19:52:23,54.9025816,11.872995,25,32.937377,19,0
"581243",2020/09/28 19:52:24,54.9027316,11.873085,25,34.557248,18,0
"581244",2020/09/28 19:52:25,54.9028866,11.8731749,25,35.637162,18,0
"581245",2020/09/28 19:52:26,54.9030499,11.8732683,25,36.717076,17,0
"581246",2020/09/28 19:52:27,54.9032183,11.8733516,26,37.79699,15,0
"581247",2020/09/28 19:52:28,54.9033933,11.87343,26,38.876904,14,0
"581248",2020/09/28 19:52:29,54.9035733,11.8735083,26,39.956818,13,0
"581249",2020/09/28 19:52:30,54.9037566,11.873585,27,40.496775,13,0
"581250",2020/09/28 19:52:31,54.9039433,11.873665,27,41.576689,13,0
"581251",2020/09/28 19:52:32,54.9041349,11.8737433,27,42.116646,13,0
"581252",2020/09/28 19:52:33,54.9043283,11.8738266,28,43.19656,13,0
"581253",2020/09/28 19:52:34,54.904525,11.8739116,28,43.736517,13,0
"581254",2020/09/28 19:52:35,54.9047249,11.8739966,28,44.276474,13,0
"581255",2020/09/28 19:52:36,54.9049266,11.8740816,28,44.276474,13,0
"581256",2020/09/28 19:52:37,54.9051283,11.8741666,28,44.276474,13,0
"581257",2020/09/28 19:52:38,54.9053266,11.87425,28,43.736517,13,0
"581258",2020/09/28 19:52:39,54.9055233,11.87433,28,42.656603,13,0
"581259",2020/09/28 19:52:40,54.9057133,11.87441,28,41.036732,14,0
"581260",2020/09/28 19:52:41,54.9058966,11.874485,29,39.416861,13,0
"581261",2020/09/28 19:52:42,54.9060716,11.8745583,29,37.79699,13,0
"581262",2020/09/28 19:52:43,54.90624,11.8746266,30,36.717076,13,0
"581263",2020/09/28 19:52:44,54.9064033,11.8746966,30,35.637162,13,0
"581264",2020/09/28 19:52:45,54.9065633,11.8747633,30,34.017291,13,0
"581265",2020/09/28 19:52:46,54.9067133,11.8748283,30,31.857463,14,0
"581266",2020/09/28 19:52:47,54.9068549,11.8748883,30,29.697635,13,0
"581267",2020/09/28 19:52:48,54.9069816,11.8749433,30,26.457893,13,0
"581268",2020/09/28 19:52:49,54.9070949,11.8749899,31,23.218151,13,0
"581269",2020/09/28 19:52:50,54.90719,11.8750183,33,19.978409,13,0
"581270",2020/09/28 19:52:51,54.9072633,11.875055,33,17.818581,13,0
"581271",2020/09/28 19:52:52,54.9073416,11.8750933,33,16.19871,14,0
"581272",2020/09/28 19:52:53,54.9074116,11.8751233,33,15.118796,13,0
"581273",2020/09/28 19:52:54,54.9074766,11.8751516,34,14.038882,13,0
"581274",2020/09/28 19:52:55,54.907535,11.8751799,34,12.958968,14,0
"581275",2020/09/28 19:52:56,54.90759,11.8751866,34,11.339097,3,0
"581276",2020/09/28 19:52:57,54.907635,11.8751699,34,9.719226,346,0
"581277",2020/09/28 19:52:58,54.9076683,11.8751366,33,8.099355,326,0
"581278",2020/09/28 19:52:59,54.9076933,11.87509,33,8.639312,304,0
"581279",2020/09/28 19:53:00,54.90771,11.8750299,32,7.559398,292,0
"581280",2020/09/28 19:53:01,54.90772,11.8749683,32,7.019441,283,0
"581281",2020/09/28 19:53:02,54.907725,11.8749116,32,5.939527,281,0
"581282",2020/09/28 19:53:03,54.907725,11.8748666,32,3.779699,280,0
"581283",2020/09/28 19:53:03,54.907725,11.8748666,32,3.779699,280,0
"581284",2020/09/28 19:53:04,54.907725,11.8748466,31,0,280,0
"581285",2020/09/28 19:53:05,54.9077266,11.8748399,31,0,280,0
"581286",2020/09/28 19:53:05,54.9077266,11.8748399,31,0,280,0
"581287",2020/09/28 19:53:06,54.907725,11.8748416,31,0,280,0
"581288",2020/09/28 19:53:07,54.907725,11.8748416,31,0,280,0
"581289",2020/09/28 19:53:08,54.907725,11.8748416,31,0,280,0
"581290",2020/09/28 19:53:09,54.907725,11.8748416,31,0,280,0
"581291",2020/09/28 19:53:10,54.907725,11.8748416,31,0,280,0
"581292",2020/09/28 19:53:11,54.907725,11.8748416,31,0,280,0
"581293",2020/09/28 19:53:12,54.907725,11.8748416,31,0,280,0
"581294",2020/09/28 19:53:13,54.907725,11.8748416,31,0,280,0
"581295",2020/09/28 19:53:14,54.907725,11.8748416,31,0,280,0
"581296",2020/09/28 19:53:15,54.907725,11.8748416,31,0,280,0
"581297",2020/09/28 19:53:16,54.907725,11.8748416,31,0,280,0
"581298",2020/09/28 19:53:17,54.907725,11.8748416,31,0,280,0
"581299",2020/09/28 19:53:18,54.907725,11.8748416,31,0,280,0
"581300",2020/09/28 19:53:19,54.907725,11.8748416,31,0,280,0
"581301",2020/09/28 19:53:20,54.907725,11.8748416,31,0,280,0
"581302",2020/09/28 19:53:21,54.907725,11.8748416,31,0,280,0
"581303",2020/09/28 19:53:22,54.907725,11.8748416,31,0,280,0
"581304",2020/09/28 19:53:23,54.907725,11.8748416,31,0,280,0
"581305",2020/09/28 19:53:24,54.907725,11.8748416,31,0,280,0
"581306",2020/09/28 19:53:25,54.907725,11.8748416,31,0,280,0
"581307",2020/09/28 19:53:26,54.907725,11.8748416,31,0,280,0
"581308",2020/09/28 19:53:27,54.907725,11.8748416,31,0,280,0
"581309",2020/09/28 19:53:28,54.907725,11.8748416,31,0,280,0
"581310",2020/09/28 19:53:29,54.907725,11.8748416,31,0,280,0
"581311",2020/09/28 19:53:30,54.907725,11.8748416,31,0,280,0
"581312",2020/09/28 19:53:31,54.907725,11.8748416,31,0,280,0
"581313",2020/09/28 19:53:32,54.907725,11.8748416,31,0,280,0
"581314",2020/09/28 19:53:33,54.907725,11.8748416,31,0,280,0
"581315",2020/09/28 19:53:34,54.907725,11.8748416,31,0,280,0
"581316",2020/09/28 19:53:35,54.907725,11.8748416,31,0,280,0
"581317",2020/09/28 19:53:36,54.907725,11.8748416,31,0,280,0
"581318",2020/09/28 19:53:37,54.907725,11.8748416,31,0,280,0
"581319",2020/09/28 19:53:38,54.907725,11.8748416,31,0,280,0
"581320",2020/09/28 19:53:39,54.907725,11.8748416,31,0,280,0
"581321",2020/09/28 19:53:40,54.907725,11.8748416,31,0,280,0
"581322",2020/09/28 19:53:41,54.907725,11.8748416,31,0,280,0
"581323",2020/09/28 19:53:42,54.907725,11.8748416,31,0,280,0
"581324",2020/09/28 19:53:43,54.907725,11.8748416,31,0,280,0
"581325",2020/09/28 19:53:44,54.907725,11.8748416,31,0,280,0
"581326",2020/09/28 19:53:45,54.907725,11.8748416,31,0,280,0
"581327",2020/09/28 19:53:46,54.907725,11.8748416,31,0,280,0
"581328",2020/09/28 19:53:47,54.907725,11.8748416,31,0,280,0
"581329",2020/09/28 19:53:48,54.907725,11.8748416,31,0,280,0
"581330",2020/09/28 19:53:49,54.907725,11.8748416,31,0,280,0
"581331",2020/09/28 19:53:50,54.907725,11.8748416,31,0,280,0
"581332",2020/09/28 19:53:51,54.907725,11.8748416,31,0,280,0
"581333",2020/09/28 19:53:52,54.907725,11.8748416,31,0,280,0
"581334",2020/09/28 19:53:53,54.907725,11.8748416,31,0,280,0
"581335",2020/09/28 19:53:54,54.907725,11.8748416,31,0,280,0
"581336",2020/09/28 19:53:54,54.907725,11.8748416,31,0,280,0
"581337",2020/09/28 19:53:55,54.907725,11.8748416,31,0,280,0
"581338",2020/09/28 19:53:56,54.907725,11.8748416,31,0,280,0
"581339",2020/09/28 19:53:57,54.907725,11.8748416,31,0,280,0
"581340",2020/09/28 19:53:58,54.907725,11.8748416,31,0,280,0
"581341",2020/09/28 19:53:58,54.907725,11.8748416,31,0,280,0
"581342",2020/09/28 19:53:59,54.907725,11.8748416,31,0,280,0
"581343",2020/09/28 19:54:00,54.907725,11.8748416,31,0,280,0
"581344",2020/09/28 19:54:00,54.907725,11.8748416,31,0,280,0
"581345",2020/09/28 19:54:01,54.907725,11.8748416,31,0,280,0
"581346",2020/09/28 19:54:02,54.907725,11.8748416,31,0,280,0
"581347",2020/09/28 19:54:03,54.907725,11.8748416,31,0,280,0
"581348",2020/09/28 19:54:04,54.907725,11.8748416,31,0,280,0
"581349",2020/09/28 19:54:05,54.907725,11.8748416,31,0,280,0
"581350",2020/09/28 19:54:06,54.907725,11.8748416,31,0,280,0
"581351",2020/09/28 19:54:07,54.907725,11.8748416,31,0,280,0
"581352",2020/09/28 19:54:08,54.907725,11.8748416,31,0,280,0
"581353",2020/09/28 19:54:09,54.907725,11.8748416,31,0,280,0
"581354",2020/09/28 19:54:10,54.907725,11.8748416,31,0,280,0
"581355",2020/09/28 19:54:11,54.907725,11.8748416,31,0,280,0
"581356",2020/09/28 19:54:12,54.907725,11.8748416,31,0,280,0
"581357",2020/09/28 19:54:13,54.907725,11.8748416,31,0,280,0
"581358",2020/09/28 19:54:14,54.907725,11.8748416,31,0,280,0
"581359",2020/09/28 19:54:15,54.907725,11.8748416,31,0,280,0
"581360",2020/09/28 19:54:15,54.907725,11.8748416,31,0,280,0
"581361",2020/09/28 19:54:16,54.907725,11.8748416,31,0,280,0
"581362",2020/09/28 19:54:17,54.907725,11.8748416,31,0,280,0
"581363",2020/09/28 19:54:18,54.907725,11.8748416,31,0,280,0
"581364",2020/09/28 19:54:19,54.907725,11.8748416,31,0,280,0
"581365",2020/09/28 19:54:20,54.907725,11.8748416,31,0,280,0
"581366",2020/09/28 19:54:21,54.907725,11.8748416,31,0,280,0
"581367",2020/09/28 19:54:21,54.907725,11.8748416,31,0,280,0
"581368",2020/09/28 19:54:22,54.907725,11.8748416,31,0,280,0
"581369",2020/09/28 19:54:23,54.907725,11.8748416,31,0,280,0
"581370",2020/09/28 19:54:24,54.907725,11.8748416,31,0,280,0
"581371",2020/09/28 19:54:25,54.907725,11.8748416,31,0,280,0
"581372",2020/09/28 19:54:26,54.907725,11.8748416,31,0,280,0
"581373",2020/09/28 19:54:26,54.907725,11.8748416,31,0,280,0
"581374",2020/09/28 19:54:27,54.907725,11.8748416,31,0,280,0
"581375",2020/09/28 19:54:28,54.907725,11.8748416,31,0,280,0
"581376",2020/09/28 19:54:29,54.907725,11.8748416,31,0,280,0
"581377",2020/09/28 19:54:29,54.907725,11.8748416,31,0,280,0
"581378",2020/09/28 19:54:30,54.907725,11.8748416,31,0,280,0
"581379",2020/09/28 19:54:31,54.907725,11.8748416,31,0,280,0
"581380",2020/09/28 19:54:32,54.907725,11.8748416,31,0,280,0
"581381",2020/09/28 19:54:33,54.907725,11.8748416,31,0,280,0
"581382",2020/09/28 19:54:34,54.907725,11.8748416,31,0,280,0
"581383",2020/09/28 19:54:35,54.907725,11.8748416,31,0,280,0
"581384",2020/09/28 19:54:36,54.907725,11.8748416,31,0,280,0
"581385",2020/09/28 19:54:37,54.907725,11.8748416,31,0,280,0
"581386",2020/09/28 19:54:38,54.907725,11.8748416,31,0,280,0
"581387",2020/09/28 19:54:39,54.907725,11.8748416,31,0,280,0
"581388",2020/09/28 19:54:40,54.907725,11.8748416,31,0,280,0
"581389",2020/09/28 19:54:41,54.907725,11.8748416,31,0,280,0
"581390",2020/09/28 19:54:42,54.907725,11.8748416,31,0,280,0
"581391",2020/09/28 19:54:43,54.907725,11.8748416,31,0,280,0
"581392",2020/09/28 19:55:43,54.907725,11.8748416,31,0,280,0
"581393",2020/09/28 19:56:43,54.907725,11.8748416,31,0,280,0
"581394",2020/09/28 19:57:43,54.907725,11.8748416,31,0,280,0
"581395",2020/09/28 19:58:08,54.907725,11.8748416,31,0,280,0
"581396",2020/09/28 19:58:10,54.907725,11.8748416,31,0,280,0
"581397",2020/09/28 19:58:30,54.907725,11.8748416,30,0,280,0
"581398",2020/09/28 19:58:53,54.907725,11.8748416,27,0,280,0
"581399",2020/09/28 19:59:53,54.907725,11.8748416,27,0,280,0
"581400",2020/09/28 20:00:53,54.907725,11.8748416,27,0,280,0
"581401",2020/09/28 20:01:53,54.907725,11.8748416,27,0,280,0
"581402",2020/09/28 20:02:53,54.907725,11.8748416,27,0,280,0
"581403",2020/09/28 20:03:53,54.907725,11.8748416,27,0,280,0
"581404",2020/09/28 20:04:53,54.907725,11.8748416,27,0,280,0
"581405",2020/09/28 20:05:53,54.907725,11.8748416,27,0,280,0
"581406",2020/09/28 20:06:53,54.907725,11.8748416,27,0,280,0
"581407",2020/09/28 20:07:53,54.907725,11.8748416,27,0,280,0
"581408",2020/09/28 20:08:53,54.907725,11.8748416,27,0,280,0
"581409",2020/09/28 20:09:53,54.907725,11.8748416,27,0,280,0
"581410",2020/09/28 20:10:53,54.907725,11.8748416,27,0,280,0
"581411",2020/09/28 20:11:53,54.907725,11.8748416,27,0,280,0
"581412",2020/09/28 20:12:53,54.907725,11.8748416,27,0,280,0
"581414",2020/09/28 20:13:53,54.907725,11.8748416,27,0,280,0
"581415",2020/09/28 20:14:53,54.907725,11.8748416,27,0,280,0
"581416",2020/09/28 20:15:53,54.907725,11.8748416,27,0,280,0
"581417",2020/09/28 20:16:53,54.907725,11.8748416,27,0,280,0
"581418",2020/09/28 20:17:53,54.907725,11.8748416,27,0,280,0
"581419",2020/09/28 20:18:53,54.907725,11.8748416,27,0,280,0
"581420",2020/09/28 20:19:53,54.907725,11.8748416,27,0,280,0
"581421",2020/09/28 20:20:53,54.907725,11.8748416,27,0,280,0
"581422",2020/09/28 20:21:10,54.907725,11.8748416,27,0,280,0
"581423",2020/09/28 20:21:12,54.907725,11.8748416,27,0,280,0
"581424",2020/09/28 20:22:12,54.907725,11.8748416,27,0,280,0
"581425",2020/09/28 20:23:12,54.907725,11.8748416,27,0,280,0
"581426",2020/09/28 20:24:12,54.907725,11.8748416,27,0,280,0
"581427",2020/09/28 20:25:12,54.907725,11.8748416,27,0,280,0
"581428",2020/09/28 20:26:12,54.907725,11.8748416,27,0,280,0
"581429",2020/09/28 20:27:12,54.907725,11.8748416,27,0,280,0
"581430",2020/09/28 20:28:12,54.907725,11.8748416,27,0,280,0
"581431",2020/09/28 20:29:12,54.907725,11.8748416,27,0,280,0
"581432",2020/09/28 20:30:12,54.907725,11.8748416,27,0,280,0
"581433",2020/09/28 20:31:12,54.907725,11.8748416,27,0,280,0
"581434",2020/09/28 20:32:12,54.907725,11.8748416,27,0,280,0
"581435",2020/09/28 20:33:12,54.907725,11.8748416,27,0,280,0
"581436",2020/09/28 20:34:12,54.907725,11.8748416,27,0,280,0
"581437",2020/09/28 20:35:12,54.907725,11.8748416,27,0,280,0
"581438",2020/09/28 20:36:12,54.907725,11.8748416,27,0,280,0
"581439",2020/09/28 20:37:12,54.907725,11.8748416,27,0,280,0
"581440",2020/09/28 20:38:12,54.907725,11.8748416,27,0,280,0
"581441",2020/09/28 20:39:12,54.907725,11.8748416,27,0,280,0
"581442",2020/09/28 20:40:12,54.907725,11.8748416,27,0,280,0
"581443",2020/09/28 20:41:12,54.907725,11.8748416,27,0,280,0
"581444",2020/09/28 20:42:12,54.907725,11.8748416,27,0,280,0
"581445",2020/09/29 06:44:25,54.9077416,11.8757016,77,3.239742,182,0
"581446",2020/09/29 06:44:26,54.9078666,11.8753266,68,3.779699,212,0
"581447",2020/09/29 06:44:27,54.9078583,11.87534,66,3.779699,218,0
"581448",2020/09/29 06:44:28,54.907845,11.8753316,64,5.39957,204,0
"581449",2020/09/29 06:44:29,54.9078199,11.8753383,61,6.479484,207,0
"581450",2020/09/29 06:44:30,54.9077616,11.875365,59,8.099355,194,0
"581451",2020/09/29 06:44:31,54.9077616,11.875365,59,8.099355,194,0
"581452",2020/09/29 06:44:32,54.9077616,11.875365,59,8.099355,194,0
"581453",2020/09/29 06:44:33,54.9077616,11.875365,59,8.099355,194,0
"581454",2020/09/29 06:44:34,54.9077616,11.875365,0,0,0,0
"581455",2020/09/29 06:44:35,54.9077616,11.875365,0,0,0,0
"581456",2020/09/29 06:44:36,54.9077616,11.875365,0,0,0,0
"581457",2020/09/29 06:44:37,54.9077616,11.875365,0,0,0,0
"581458",2020/09/29 06:44:38,54.9077616,11.875365,0,0,0,0
"581459",2020/09/29 06:44:39,54.9077616,11.875365,0,0,0,0
"581460",2020/09/29 06:44:40,54.9077616,11.875365,0,0,0,0
"581461",2020/09/29 06:44:41,54.9077616,11.875365,0,0,0,0
"581462",2020/09/29 06:44:42,54.9060933,11.8751516,55,23.758108,177,0
"581463",2020/09/29 06:44:43,54.905765,11.8751483,62,26.99785,175,0
"581464",2020/09/29 06:44:44,54.9055133,11.8751416,67,29.697635,172,0
"581465",2020/09/29 06:44:45,54.9052666,11.8751333,73,32.937377,170,0
"581466",2020/09/29 06:44:46,54.90503,11.8751483,78,33.477334,171,0
"581467",2020/09/29 06:44:47,54.9048099,11.875145,83,33.477334,174,0
"581468",2020/09/29 06:44:48,54.9045966,11.87513,88,34.017291,175,0
"581469",2020/09/29 06:44:49,54.904455,11.8749466,87,35.097205,179,0
"581470",2020/09/29 06:44:50,54.9042966,11.8747933,86,37.257033,184,0
"581471",2020/09/29 06:44:51,54.9040983,11.8746433,82,39.416861,187,0
"581472",2020/09/29 06:44:52,54.9038816,11.874485,77,41.036732,189,0
"581473",2020/09/29 06:44:53,54.9036066,11.8742683,71,43.19656,191,0
"581474",2020/09/29 06:44:54,54.90335,11.8741583,76,42.656603,192,0
"581475",2020/09/29 06:44:55,54.9028633,11.8738233,82,43.19656,195,0
"581476",2020/09/29 06:44:56,54.9025766,11.8734166,76,43.19656,198,0
"581477",2020/09/29 06:44:57,54.9023233,11.87328,76,43.736517,198,0
"581478",2020/09/29 06:44:58,54.9020983,11.87317,75,43.19656,197,0
"581479",2020/09/29 06:44:59,54.90189,11.8730716,74,43.736517,194,0
"581480",2020/09/29 06:45:00,54.9017183,11.8722849,15,43.736517,196,0
"581481",2020/09/29 06:45:01,54.901525,11.8721966,13,43.19656,193,0
"581482",2020/09/29 06:45:02,54.90134,11.872115,12,42.116646,191,0
"581483",2020/09/29 06:45:03,54.9011533,11.8721266,13,39.416861,185,0
"581484",2020/09/29 06:45:04,54.9009833,11.8721166,12,35.637162,183,0
"581485",2020/09/29 06:45:05,54.90083,11.8721316,11,32.39742,181,0
"581486",2020/09/29 06:45:06,54.9006833,11.8721516,11,29.697635,178,0
"581487",2020/09/29 06:45:07,54.9005533,11.8721716,10,28.077764,179,0
"581488",2020/09/29 06:45:08,54.90042,11.8722016,9,28.077764,178,0
"581489",2020/09/29 06:45:09,54.900285,11.8722049,8,29.697635,180,0
"581490",2020/09/29 06:45:10,54.9001283,11.8723466,13,30.237592,180,0
"581491",2020/09/29 06:45:11,54.8999916,11.8723416,13,30.237592,184,0
"581492",2020/09/29 06:45:12,54.8998566,11.8723083,13,30.237592,190,0
"581493",2020/09/29 06:45:13,54.8997133,11.8722416,13,31.857463,196,0
"581494",2020/09/29 06:45:14,54.8995616,11.87216,13,34.017291,197,0
"581495",2020/09/29 06:45:15,54.8994066,11.8720699,14,35.097205,196,0
"581496",2020/09/29 06:45:16,54.899245,11.8719799,13,36.717076,195,0
"581497",2020/09/29 06:45:17,54.8990749,11.8719016,13,36.717076,195,0
"581498",2020/09/29 06:45:18,54.8989033,11.871825,12,37.257033,195,0
"581499",2020/09/29 06:45:19,54.8987116,11.8717883,13,37.79699,195,0
"581500",2020/09/29 06:45:20,54.8985316,11.8717149,14,39.416861,196,0
"581501",2020/09/29 06:45:21,54.898355,11.87163,14,38.336947,199,0
"581502",2020/09/29 06:45:22,54.8981816,11.871525,13,38.876904,200,0
"581503",2020/09/29 06:45:23,54.89801,11.8714133,13,38.876904,203,0
"581504",2020/09/29 06:45:24,54.89784,11.87129,13,39.416861,203,0
"581505",2020/09/29 06:45:25,54.8976683,11.8711633,13,39.416861,203,0
"581506",2020/09/29 06:45:26,54.8975,11.87103,13,38.876904,206,0
"581507",2020/09/29 06:45:27,54.8973333,11.8708833,13,39.956818,210,0
"581508",2020/09/29 06:45:28,54.8971733,11.8707166,13,40.496775,213,0
"581509",2020/09/29 06:45:29,54.8970149,11.87053,13,41.576689,217,0
"581510",2020/09/29 06:45:30,54.896855,11.870315,13,43.736517,219,0
"581511",2020/09/29 06:45:31,54.8966966,11.8700883,13,44.816431,220,0
"581512",2020/09/29 06:45:32,54.8965383,11.869845,12,45.356388,222,0
"581513",2020/09/29 06:45:33,54.896385,11.8695866,11,46.436302,224,0
"581514",2020/09/29 06:45:34,54.896235,11.8693149,11,46.976259,227,0
"581515",2020/09/29 06:45:35,54.896095,11.8690266,10,46.976259,230,0
"581516",2020/09/29 06:45:36,54.89596,11.8687283,10,47.516216,232,0
"581517",2020/09/29 06:45:37,54.8958233,11.8684249,10,48.056173,231,0
"581518",2020/09/29 06:45:38,54.8956816,11.8681133,10,48.056173,231,0
"581519",2020/09/29 06:45:39,54.8955383,11.8677983,10,50.216001,231,0
"581520",2020/09/29 06:45:40,54.8953916,11.8674833,11,50.755958,230,0
"581521",2020/09/29 06:45:41,54.8952466,11.8671716,11,50.216001,230,0
"581522",2020/09/29 06:45:42,54.8951033,11.8668633,12,48.59613,231,0
"581523",2020/09/29 06:45:42,54.8951033,11.8668633,12,48.59613,231,0
"581524",2020/09/29 06:45:43,54.8949683,11.8665633,12,47.516216,232,0
"581525",2020/09/29 06:45:44,54.89484,11.8662733,12,44.276474,233,0
"581526",2020/09/29 06:45:45,54.8947216,11.8660133,13,40.496775,233,0
"581527",2020/09/29 06:45:46,54.8946016,11.8657783,15,38.336947,233,0
"581528",2020/09/29 06:45:47,54.8944983,11.8655549,17,35.097205,234,0
"581529",2020/09/29 06:45:48,54.894405,11.865345,18,31.857463,233,0
"581530",2020/09/29 06:45:49,54.8943216,11.8651583,19,27.537807,233,0
"581531",2020/09/29 06:45:50,54.894255,11.865,20,22.678194,234,0
"581532",2020/09/29 06:45:51,54.8942033,11.8648733,21,18.898495,237,0
"581534",2020/09/29 06:45:52,54.8941666,11.864755,22,16.19871,242,0
"581535",2020/09/29 06:45:53,54.8941666,11.864755,22,16.19871,242,0
"581536",2020/09/29 06:45:53,54.8941533,11.8646383,22,14.578839,256,0
"581537",2020/09/29 06:45:54,54.89418,11.864525,23,15.658753,280,0
"581538",2020/09/29 06:45:55,54.894215,11.864395,24,18.358538,286,0
"581539",2020/09/29 06:45:56,54.8942566,11.8642616,25,18.898495,292,0
"581540",2020/09/29 06:45:57,54.8943016,11.8640733,26,24.838022,286,0
"581541",2020/09/29 06:45:58,54.8943483,11.8638566,27,29.157678,285,0
"581542",2020/09/29 06:45:59,54.8943916,11.8636166,27,31.857463,284,0
"581543",2020/09/29 06:46:00,54.8944366,11.8633516,28,35.097205,284,0
"581544",2020/09/29 06:46:01,54.8944816,11.8630649,28,37.79699,284,0
"581545",2020/09/29 06:46:02,54.8945366,11.8627566,28,40.496775,285,0
"581546",2020/09/29 06:46:03,54.8945933,11.8624266,28,43.19656,285,0
"581547",2020/09/29 06:46:04,54.8946516,11.8620783,28,45.356388,285,0
"581548",2020/09/29 06:46:05,54.8947116,11.8617116,28,47.516216,285,0
"581549",2020/09/29 06:46:06,54.8947733,11.8613316,28,49.136087,285,0
"581550",2020/09/29 06:46:07,54.8948366,11.86094,29,50.755958,285,0
"581551",2020/09/29 06:46:08,54.8949,11.8605366,29,51.835872,284,0
"581552",2020/09/29 06:46:09,54.894965,11.8601233,30,53.455743,284,0
"581553",2020/09/29 06:46:10,54.8950333,11.8597016,30,54.535657,285,0
"581554",2020/09/29 06:46:11,54.8951049,11.8592683,32,56.155528,284,0
"581555",2020/09/29 06:46:12,54.8951783,11.8588283,32,56.695485,286,0
"581556",2020/09/29 06:46:13,54.8952566,11.8583866,33,57.775399,285,0
"581557",2020/09/29 06:46:14,54.8953283,11.8579333,33,57.775399,284,0
"581558",2020/09/29 06:46:15,54.8953966,11.857465,34,59.935227,283,0
"581559",2020/09/29 06:46:16,54.8954616,11.8569816,34,61.555098,282,0
"581560",2020/09/29 06:46:17,54.89552,11.856485,35,62.635012,280,0
"581561",2020/09/29 06:46:18,54.8955733,11.8559816,36,63.714926,279,0
"581562",2020/09/29 06:46:19,54.895625,11.8554699,36,63.714926,278,0
"581563",2020/09/29 06:46:20,54.8956633,11.8549533,35,63.714926,277,0
"581564",2020/09/29 06:46:21,54.8957099,11.8544383,35,63.714926,277,0
"581565",2020/09/29 06:46:22,54.895745,11.8539166,34,64.254883,277,0
"581566",2020/09/29 06:46:23,54.8957883,11.8533999,33,64.79484,278,0
"581567",2020/09/29 06:46:24,54.8958316,11.8528816,32,64.79484,277,0
"581568",2020/09/29 06:46:25,54.8958749,11.8523616,32,64.79484,277,0
"581569",2020/09/29 06:46:26,54.895915,11.8518449,31,64.254883,277,0
"581570",2020/09/29 06:46:27,54.8959516,11.8513316,31,63.174969,277,0
"581571",2020/09/29 06:46:28,54.8959833,11.85083,31,63.714926,276,0
"581572",2020/09/29 06:46:29,54.8960183,11.850355,31,57.775399,277,0
"581573",2020/09/29 06:46:30,54.8960533,11.8499066,31,54.535657,277,0
"581574",2020/09/29 06:46:31,54.8960849,11.8494816,31,51.835872,276,0
"581575",2020/09/29 06:46:32,54.8961149,11.8490716,30,50.755958,276,0
"581576",2020/09/29 06:46:33,54.89614,11.84867,31,49.676044,275,0
"581577",2020/09/29 06:46:34,54.8961583,11.8482733,30,48.59613,275,0
"581578",2020/09/29 06:46:35,54.8961733,11.8478833,30,48.056173,273,0
"581579",2020/09/29 06:46:36,54.896185,11.8474983,30,47.516216,273,0
"581580",2020/09/29 06:46:36,54.896185,11.8474983,30,47.516216,273,0
"581581",2020/09/29 06:46:37,54.8961983,11.8471166,30,46.976259,272,0
"581582",2020/09/29 06:46:38,54.8962033,11.8467383,30,46.976259,271,0
"581583",2020/09/29 06:46:39,54.896205,11.8463616,29,46.436302,271,0
"581584",2020/09/29 06:46:40,54.8962033,11.8459833,29,46.436302,270,0
"581585",2020/09/29 06:46:41,54.8962016,11.8456116,28,45.896345,270,0
"581586",2020/09/29 06:46:42,54.8962016,11.8452433,28,45.896345,269,0
"581587",2020/09/29 06:46:43,54.8961983,11.8448766,28,46.436302,269,0
"581588",2020/09/29 06:46:44,54.896195,11.844505,28,45.896345,268,0
"581589",2020/09/29 06:46:45,54.8961916,11.8441333,28,46.436302,268,0
"581590",2020/09/29 06:46:46,54.8961883,11.8437633,28,46.436302,267,0
"581591",2020/09/29 06:46:47,54.8961816,11.84339,28,46.436302,267,0
"581592",2020/09/29 06:46:48,54.8961716,11.8430166,27,46.436302,266,0
"581593",2020/09/29 06:46:49,54.8961583,11.8426416,27,46.436302,266,0
"581594",2020/09/29 06:46:50,54.8961433,11.8422683,26,46.436302,265,0
"581595",2020/09/29 06:46:51,54.8961266,11.8418966,26,46.976259,264,0
"581596",2020/09/29 06:46:52,54.8961066,11.8415216,25,46.976259,264,0
"581597",2020/09/29 06:46:53,54.8960833,11.8411483,25,46.976259,264,0
"581598",2020/09/29 06:46:54,54.8960616,11.8407733,26,46.976259,263,0
"581599",2020/09/29 06:46:55,54.8960366,11.8403983,26,46.976259,263,0
"581600",2020/09/29 06:46:56,54.8960116,11.8400216,26,46.976259,263,0
"581601",2020/09/29 06:46:57,54.895985,11.8396449,27,46.976259,263,0
"581602",2020/09/29 06:46:58,54.89596,11.8392666,27,46.976259,264,0
"581603",2020/09/29 06:46:59,54.895935,11.8388866,27,47.516216,263,0
"581604",2020/09/29 06:47:00,54.8959066,11.8385066,27,47.516216,263,0
"581605",2020/09/29 06:47:01,54.89588,11.838125,27,48.056173,263,0
"581606",2020/09/29 06:47:02,54.8958533,11.83774,26,48.056173,263,0
"581607",2020/09/29 06:47:03,54.8958266,11.8373549,26,48.59613,263,0
"581608",2020/09/29 06:47:04,54.8958033,11.8369566,26,51.295915,265,0
"581609",2020/09/29 06:47:05,54.8957816,11.8365549,25,50.755958,265,0
"581610",2020/09/29 06:47:06,54.8957516,11.8361683,24,49.136087,263,0
"581611",2020/09/29 06:47:07,54.8957216,11.8357699,23,49.676044,263,0
"581612",2020/09/29 06:47:08,54.8956933,11.8353733,23,50.216001,263,0
"581613",2020/09/29 06:47:09,54.8956633,11.8349683,22,50.755958,263,0
"581614",2020/09/29 06:47:10,54.8956349,11.8345633,22,50.755958,263,0
"581615",2020/09/29 06:47:11,54.8956066,11.8341566,21,50.755958,263,0
"581616",2020/09/29 06:47:12,54.8955783,11.833745,20,51.295915,263,0
"581617",2020/09/29 06:47:13,54.8955516,11.8333349,20,51.295915,263,0
"581618",2020/09/29 06:47:14,54.8955266,11.832925,20,51.295915,264,0
"581619",2020/09/29 06:47:15,54.895505,11.8325116,20,51.295915,265,0
"581620",2020/09/29 06:47:16,54.8954866,11.8320966,20,51.295915,266,0
"581621",2020/09/29 06:47:17,54.8954716,11.8316799,20,51.835872,266,0
"581622",2020/09/29 06:47:18,54.8954616,11.8312616,19,51.835872,268,0
"581623",2020/09/29 06:47:19,54.895455,11.8308433,19,51.835872,269,0
"581624",2020/09/29 06:47:20,54.8954533,11.8304216,19,52.375829,270,0
"581625",2020/09/29 06:47:21,54.895455,11.8299966,18,52.375829,271,0
"581626",2020/09/29 06:47:22,54.8954633,11.8295716,18,52.915786,272,0
"581627",2020/09/29 06:47:23,54.8954766,11.8291433,17,52.915786,273,0
"581628",2020/09/29 06:47:24,54.8954949,11.8287133,16,52.915786,274,0
"581629",2020/09/29 06:47:25,54.8955166,11.8282783,15,53.9957,275,0
"581630",2020/09/29 06:47:26,54.8955416,11.8278416,14,54.535657,276,0
"581631",2020/09/29 06:47:27,54.8955716,11.8274033,13,53.9957,277,0
"581632",2020/09/29 06:47:28,54.8956016,11.8269616,12,55.075614,276,0
"581633",2020/09/29 06:47:29,54.8956316,11.8265166,11,55.615571,276,0
"581634",2020/09/29 06:47:30,54.8956616,11.8260716,10,55.075614,276,0
"581635",2020/09/29 06:47:31,54.89569,11.8256266,10,55.615571,275,0
"581636",2020/09/29 06:47:32,54.8957133,11.825175,10,55.615571,275,0
"581637",2020/09/29 06:47:33,54.8957366,11.824725,9,55.615571,274,0
"581638",2020/09/29 06:47:34,54.895755,11.824275,9,55.615571,273,0
"581639",2020/09/29 06:47:35,54.89577,11.8238233,9,56.155528,272,0
"581640",2020/09/29 06:47:36,54.8957833,11.8233716,8,56.155528,273,0
"581641",2020/09/29 06:47:37,54.8957966,11.8229166,7,56.155528,272,0
"581642",2020/09/29 06:47:38,54.89581,11.8224616,7,56.695485,272,0
"581643",2020/09/29 06:47:39,54.8958216,11.8219999,6,57.235442,272,0
"581644",2020/09/29 06:47:40,54.8958333,11.8215366,5,57.775399,272,0
"581645",2020/09/29 06:47:41,54.895845,11.82107,4,57.775399,272,0
"581646",2020/09/29 06:47:42,54.8958583,11.8206016,3,58.315356,272,0
"581647",2020/09/29 06:47:43,54.8958683,11.8201283,2,58.315356,272,0
"581648",2020/09/29 06:47:44,54.8958783,11.8196533,1,58.855313,272,0
"581649",2020/09/29 06:47:45,54.8958899,11.8191766,1,58.855313,272,0
"581650",2020/09/29 06:47:46,54.8959033,11.8186966,0,59.935227,272,0
"581651",2020/09/29 06:47:47,54.8959116,11.8182116,0,60.475184,272,0
"581652",2020/09/29 06:47:48,54.8959216,11.8177216,0,61.015141,272,0
"581653",2020/09/29 06:47:49,54.8959316,11.8172266,-1,61.555098,272,0
"581654",2020/09/29 06:47:50,54.8959416,11.8167283,-2,62.095055,272,0
"581655",2020/09/29 06:47:51,54.8959516,11.816225,-2,62.635012,272,0
"581656",2020/09/29 06:47:52,54.8959649,11.8157199,-3,63.174969,272,0
"581657",2020/09/29 06:47:53,54.8959783,11.8152083,-4,63.174969,272,0
"581658",2020/09/29 06:47:54,54.8959933,11.8146949,-4,63.714926,272,0
"581659",2020/09/29 06:47:55,54.89601,11.8141799,-4,63.714926,273,0
"581660",2020/09/29 06:47:56,54.8960283,11.8136633,-4,64.254883,273,0
"581661",2020/09/29 06:47:57,54.8960516,11.813145,-5,64.254883,274,0
"581662",2020/09/29 06:47:58,54.89608,11.8126283,-4,64.254883,275,0
"581663",2020/09/29 06:47:59,54.89611,11.8121116,-4,64.254883,275,0
"581664",2020/09/29 06:48:00,54.8961416,11.8115966,-4,64.254883,276,0
"581665",2020/09/29 06:48:01,54.8961749,11.8110816,-4,64.254883,276,0
"581666",2020/09/29 06:48:02,54.8962083,11.8105666,-4,64.254883,276,0
"581667",2020/09/29 06:48:03,54.89624,11.8100533,-4,64.254883,276,0
"581668",2020/09/29 06:48:04,54.8962733,11.8095399,-4,64.254883,276,0
"581669",2020/09/29 06:48:05,54.896305,11.8090283,-4,63.714926,276,0
"581670",2020/09/29 06:48:06,54.8963383,11.8085183,-4,63.714926,276,0
"581671",2020/09/29 06:48:07,54.8963733,11.8080083,-4,63.714926,276,0
"581672",2020/09/29 06:48:08,54.8964066,11.8075,-4,63.174969,276,0
"581673",2020/09/29 06:48:09,54.89644,11.8069933,-5,63.174969,275,0
"581674",2020/09/29 06:48:10,54.8964699,11.8064883,-5,62.635012,276,0
"581675",2020/09/29 06:48:11,54.8965033,11.8059849,-4,62.635012,276,0
"581676",2020/09/29 06:48:12,54.8965333,11.8054816,-4,62.095055,275,0
"581677",2020/09/29 06:48:13,54.8965649,11.804985,-3,61.555098,276,0
"581678",2020/09/29 06:48:14,54.8965966,11.8044966,-2,61.015141,276,0
"581679",2020/09/29 06:48:15,54.8966266,11.8040116,-2,59.935227,276,0
"581680",2020/09/29 06:48:16,54.896655,11.8035349,-1,58.855313,275,0
"581681",2020/09/29 06:48:17,54.896655,11.8035349,-1,58.855313,275,0
"581682",2020/09/29 06:48:17,54.8966833,11.803075,-1,56.155528,276,0
"581683",2020/09/29 06:48:18,54.8967116,11.8026333,0,53.9957,276,0
"581684",2020/09/29 06:48:19,54.89674,11.8022116,0,51.835872,276,0
"581685",2020/09/29 06:48:20,54.8967683,11.8018166,0,48.056173,276,0
"581686",2020/09/29 06:48:21,54.8967933,11.8014399,0,45.896345,276,0
"581687",2020/09/29 06:48:22,54.896815,11.8010899,0,43.736517,276,0
"581688",2020/09/29 06:48:23,54.8968366,11.8007566,0,40.496775,276,0
"581689",2020/09/29 06:48:24,54.8968566,11.80045,0,37.257033,276,0
"581690",2020/09/29 06:48:25,54.8968766,11.8001716,0,33.477334,277,0
"581691",2020/09/29 06:48:26,54.8969033,11.7999183,1,32.39742,279,0
"581692",2020/09/29 06:48:27,54.896925,11.7996933,1,28.077764,279,0
"581693",2020/09/29 06:48:28,54.8969366,11.7995349,2,22.138237,277,0
"581694",2020/09/29 06:48:29,54.8969383,11.79955,3,19.978409,276,0
"581787",2020/09/29 06:48:30,54.8969483,11.7994366,3,18.898495,278,0
"581788",2020/09/29 06:48:31,54.8969483,11.7994366,3,18.898495,278,0
"581789",2020/09/29 06:48:31,54.8969483,11.7993099,4,17.818581,274,0
"581790",2020/09/29 06:48:32,54.89692,11.7992233,4,15.658753,264,0
"581791",2020/09/29 06:48:33,54.89692,11.7992233,4,15.658753,264,0
"581792",2020/09/29 06:48:34,54.89674,11.79932,5,15.118796,178,0
"581793",2020/09/29 06:48:35,54.8966399,11.7993516,6,18.358538,175,0
"581794",2020/09/29 06:48:36,54.8965349,11.7993616,6,19.978409,179,0
"581795",2020/09/29 06:48:37,54.89642,11.7993716,6,21.59828,179,0
"581796",2020/09/29 06:48:38,54.8962883,11.7993966,6,24.298065,175,0
"581797",2020/09/29 06:48:39,54.8962883,11.7993966,6,24.298065,175,0
"581798",2020/09/29 06:48:40,54.8961466,11.79942,6,26.99785,174,0
"581799",2020/09/29 06:48:40,54.8960133,11.79945,6,26.99785,174,0
"581800",2020/09/29 06:48:41,54.8960133,11.79945,6,26.99785,174,0
"581801",2020/09/29 06:48:42,54.8958833,11.7994716,6,25.917936,175,0
"581802",2020/09/29 06:48:43,54.89576,11.7994833,7,24.298065,176,0
"581803",2020/09/29 06:48:44,54.8956483,11.7995,7,22.138237,175,0
"581804",2020/09/29 06:48:45,54.8955516,11.7995116,6,19.978409,178,0
"581805",2020/09/29 06:48:46,54.8954716,11.7995166,6,17.278624,179,0
"581806",2020/09/29 06:48:47,54.895415,11.7995233,6,12.958968,179,0
"581807",2020/09/29 06:48:48,54.8953716,11.7995383,6,10.79914,177,0
"581808",2020/09/29 06:48:49,54.8953433,11.79957,7,8.639312,163,0
"581809",2020/09/29 06:48:50,54.89536,11.7996466,7,7.019441,108,0
"581810",2020/09/29 06:48:51,54.895355,11.7997183,7,8.639312,100,0
"581811",2020/09/29 06:48:52,54.8953533,11.7998,7,9.179269,99,0
"581812",2020/09/29 06:48:53,54.895355,11.7998833,7,8.639312,99,0
"581813",2020/09/29 06:48:54,54.8953533,11.7999583,8,8.099355,97,0
"581814",2020/09/29 06:48:55,54.8953533,11.8000266,8,7.559398,90,0
"581815",2020/09/29 06:48:56,54.89536,11.8000933,8,7.559398,79,0
"581816",2020/09/29 06:48:57,54.8953716,11.80016,8,7.559398,78,0
"581817",2020/09/29 06:48:58,54.8953766,11.8002183,8,7.019441,84,0
"581818",2020/09/29 06:48:59,54.89538,11.8002733,8,6.479484,94,0
"581819",2020/09/29 06:49:00,54.8953783,11.800325,8,5.939527,105,0
"581820",2020/09/29 06:49:01,54.89537,11.80037,9,5.939527,122,0
"581821",2020/09/29 06:49:02,54.8953516,11.8004083,9,5.939527,139,0
"581822",2020/09/29 06:49:03,54.895325,11.8004383,9,5.939527,153,0
"581823",2020/09/29 06:49:04,54.8952966,11.8004583,9,5.939527,166,0
"581824",2020/09/29 06:49:05,54.8952666,11.8004616,9,5.939527,180,0
"581825",2020/09/29 06:49:06,54.89524,11.8004516,9,4.859613,201,0
"581826",2020/09/29 06:49:07,54.8952216,11.8004233,9,4.859613,231,0
"581827",2020/09/29 06:49:08,54.8952133,11.8003883,9,4.859613,254,0
"581828",2020/09/29 06:49:09,54.89521,11.800355,9,2.699785,263,0
"581829",2020/09/29 06:49:10,54.8952083,11.8003383,9,0,263,0
"581830",2020/09/29 06:49:11,54.8952066,11.8003383,9,0,263,0
"581831",2020/09/29 06:49:12,54.8952083,11.80034,9,0,263,0
"581832",2020/09/29 06:49:13,54.8952083,11.80034,9,0,263,0
"581833",2020/09/29 06:49:14,54.8952083,11.80034,9,0,263,0
"581834",2020/09/29 06:49:15,54.8952083,11.80034,9,0,263,0
"581835",2020/09/29 06:49:16,54.8952083,11.80034,9,0,263,0
"581836",2020/09/29 06:49:17,54.8952083,11.80034,9,0,263,0
"581837",2020/09/29 06:49:18,54.8952083,11.80034,9,0,263,0
"581838",2020/09/29 06:49:19,54.8952083,11.80034,9,0,263,0
"581839",2020/09/29 06:49:20,54.8952083,11.80034,9,0,263,0
"581840",2020/09/29 06:49:21,54.8952083,11.80034,9,0,263,0
"581841",2020/09/29 06:49:22,54.8952083,11.80034,9,0,263,0
"581842",2020/09/29 06:49:23,54.8952083,11.80034,9,0,263,0
"581843",2020/09/29 06:49:24,54.8952083,11.80034,9,0,263,0
"581844",2020/09/29 06:49:25,54.8952083,11.80034,9,0,263,0
"581845",2020/09/29 06:49:26,54.8952083,11.80034,9,0,263,0
"581846",2020/09/29 06:49:27,54.8952083,11.80034,9,0,263,0
"581848",2020/09/29 06:49:28,54.8952083,11.80034,9,0,263,0
"581849",2020/09/29 06:49:29,54.8952083,11.80034,9,0,263,0
"581850",2020/09/29 06:49:30,54.8952083,11.80034,9,0,263,0
"581851",2020/09/29 06:49:31,54.8952083,11.80034,9,0,263,0
"581852",2020/09/29 06:49:32,54.8952083,11.80034,9,0,263,0
"581853",2020/09/29 06:49:33,54.8952083,11.80034,9,0,263,0
"581854",2020/09/29 06:49:34,54.8952083,11.80034,9,0,263,0
"581855",2020/09/29 06:49:35,54.8952083,11.80034,9,0,263,0
"581856",2020/09/29 06:49:36,54.8952083,11.80034,9,0,263,0
"581857",2020/09/29 06:49:37,54.8952083,11.80034,9,0,263,0
"581858",2020/09/29 06:49:38,54.8952083,11.80034,9,0,263,0
"581859",2020/09/29 06:49:39,54.8952083,11.80034,9,0,263,0
"581860",2020/09/29 06:49:40,54.8952083,11.80034,9,0,263,0
"581861",2020/09/29 06:49:41,54.8952083,11.80034,9,0,263,0
"581862",2020/09/29 06:49:42,54.8952083,11.80034,9,0,263,0
"581863",2020/09/29 06:49:43,54.8952083,11.80034,9,0,263,0
"581864",2020/09/29 06:49:44,54.8952083,11.80034,9,0,263,0
"581865",2020/09/29 06:49:45,54.8952083,11.80034,9,0,263,0
"581866",2020/09/29 06:49:46,54.8952083,11.80034,9,0,263,0
"581867",2020/09/29 06:49:47,54.8952083,11.80034,9,0,263,0
"581868",2020/09/29 06:49:48,54.8952083,11.80034,9,0,263,0
"581869",2020/09/29 06:49:49,54.8952083,11.80034,9,0,263,0
"581870",2020/09/29 06:49:50,54.8952083,11.80034,9,0,263,0
"581871",2020/09/29 06:49:51,54.8952083,11.80034,9,0,263,0
"581872",2020/09/29 06:49:52,54.8952083,11.80034,9,0,263,0
"581873",2020/09/29 06:49:53,54.8952083,11.80034,9,0,263,0
"581874",2020/09/29 06:49:54,54.8952083,11.80034,9,0,263,0
"581875",2020/09/29 06:49:55,54.8952083,11.80034,9,0,263,0
"581876",2020/09/29 06:49:56,54.8952083,11.80034,9,0,263,0
"581877",2020/09/29 06:49:57,54.8952083,11.80034,9,0,263,0
"581878",2020/09/29 06:49:58,54.8952083,11.80034,9,0,263,0
"581879",2020/09/29 06:49:59,54.8952083,11.80034,9,0,263,0
"581880",2020/09/29 06:50:00,54.8952083,11.80034,9,0,263,0
"581881",2020/09/29 06:50:01,54.8952,11.8001716,9,0,225,0
"581882",2020/09/29 06:50:02,54.8951949,11.8001666,9,0,225,0
"581883",2020/09/29 06:50:03,54.8951883,11.800165,9,0,137,0
"581884",2020/09/29 06:50:04,54.8951816,11.8001616,9,0,149,0
"581885",2020/09/29 06:50:05,54.8951816,11.8001616,9,0,149,0
"581886",2020/09/29 06:50:06,54.8951816,11.8001616,9,0,149,0
"581887",2020/09/29 06:50:07,54.8951816,11.8001616,9,0,149,0
"581888",2020/09/29 06:50:08,54.8951816,11.8001616,9,0,149,0
"581889",2020/09/29 06:50:09,54.8951816,11.8001616,9,0,149,0
"581890",2020/09/29 06:50:10,54.8951816,11.8001616,9,0,149,0
"581891",2020/09/29 06:50:11,54.8951816,11.8001616,9,0,149,0
"581892",2020/09/29 06:50:12,54.8951816,11.8001616,9,0,149,0
"581893",2020/09/29 06:50:13,54.8951816,11.8001616,9,0,149,0
"581894",2020/09/29 06:50:14,54.8951816,11.8001616,9,0,149,0
"581895",2020/09/29 06:50:15,54.8951816,11.8001616,9,0,149,0
"581896",2020/09/29 06:50:16,54.8951816,11.8001616,9,0,149,0
"581897",2020/09/29 06:50:17,54.8951816,11.8001616,9,0,149,0
"581898",2020/09/29 06:50:18,54.8951816,11.8001616,9,0,149,0
"581899",2020/09/29 06:50:19,54.8951816,11.8001616,9,0,149,0
"581900",2020/09/29 06:50:20,54.8951816,11.8001616,9,0,149,0
"581901",2020/09/29 06:50:21,54.8951816,11.8001616,9,0,149,0
"581902",2020/09/29 06:50:22,54.8951816,11.8001616,9,0,149,0
"581903",2020/09/29 06:50:23,54.8951816,11.8001616,9,0,149,0
"581904",2020/09/29 06:50:24,54.8951816,11.8001616,9,0,149,0
"581905",2020/09/29 06:50:25,54.8951816,11.8001616,9,0,149,0
"581906",2020/09/29 06:50:26,54.8951816,11.8001616,9,0,149,0
"581907",2020/09/29 06:50:27,54.8951816,11.8001616,9,0,149,0
"581908",2020/09/29 06:50:28,54.8951816,11.8001616,9,0,149,0
"581909",2020/09/29 06:50:29,54.8951816,11.8001616,9,0,149,0
"581910",2020/09/29 06:50:30,54.8951816,11.8001616,9,0,149,0
"581911",2020/09/29 06:50:31,54.8951816,11.8001616,9,0,149,0
"581912",2020/09/29 06:50:32,54.8951816,11.8001616,9,0,149,0
"581913",2020/09/29 06:50:33,54.8951816,11.8001616,9,0,149,0
"581914",2020/09/29 06:50:34,54.8951816,11.8001616,9,0,149,0
"581915",2020/09/29 06:50:35,54.8951816,11.8001616,9,0,149,0
"581916",2020/09/29 06:50:36,54.8951816,11.8001616,9,0,149,0
"581917",2020/09/29 06:50:37,54.8951816,11.8001616,9,0,149,0
"581918",2020/09/29 06:50:38,54.8951816,11.8001616,9,0,149,0
"581919",2020/09/29 06:50:39,54.8951816,11.8001616,9,0,149,0
"581920",2020/09/29 06:50:40,54.8951816,11.8001616,9,0,149,0
"581921",2020/09/29 06:50:41,54.8951816,11.8001616,9,0,149,0
"581922",2020/09/29 06:50:42,54.8951816,11.8001616,9,0,149,0
"581923",2020/09/29 06:50:43,54.8951816,11.8001616,9,0,149,0
"581924",2020/09/29 06:50:44,54.8951816,11.8001616,9,0,149,0
"581925",2020/09/29 06:50:45,54.8951816,11.8001616,9,0,149,0
"581926",2020/09/29 06:50:46,54.8951816,11.8001616,9,0,149,0
"581927",2020/09/29 06:50:47,54.8951816,11.8001616,9,0,149,0
"581928",2020/09/29 06:50:48,54.8951816,11.8001616,9,0,149,0
"581929",2020/09/29 06:50:49,54.8951816,11.8001616,9,0,149,0
"581930",2020/09/29 06:50:50,54.8951816,11.8001616,9,0,149,0
"581931",2020/09/29 06:50:51,54.8951816,11.8001616,9,0,149,0
"581932",2020/09/29 06:50:52,54.8951816,11.8001616,9,0,149,0
"581933",2020/09/29 06:50:53,54.89517,11.8001283,11,3.239742,219,0
"581934",2020/09/29 06:50:54,54.89517,11.8001266,11,2.159828,217,0
"581935",2020/09/29 06:50:55,54.8951816,11.80013,11,0,232,0
"581936",2020/09/29 06:50:56,54.8951783,11.8001333,10,0,212,0
"581937",2020/09/29 06:50:57,54.895175,11.8001283,10,0,222,0
"581938",2020/09/29 06:50:58,54.895175,11.8001283,10,0,222,0
"581939",2020/09/29 06:50:59,54.895175,11.8001283,10,0,222,0
"581940",2020/09/29 06:51:00,54.895175,11.8001283,10,0,222,0
"581941",2020/09/29 06:51:01,54.895175,11.8001283,10,0,222,0
"581942",2020/09/29 06:51:02,54.895175,11.8001283,10,0,222,0
"581943",2020/09/29 06:51:03,54.895175,11.8001283,10,0,222,0
"581944",2020/09/29 06:51:04,54.895175,11.8001283,10,0,222,0
"581945",2020/09/29 06:51:05,54.895175,11.8001283,10,0,222,0
"581946",2020/09/29 06:51:06,54.895175,11.8001283,10,0,222,0
"581947",2020/09/29 06:51:07,54.895175,11.8001283,10,0,222,0
"581948",2020/09/29 06:51:08,54.895175,11.8001283,10,0,222,0
"581949",2020/09/29 06:51:09,54.895175,11.8001283,10,0,222,0
"581950",2020/09/29 06:51:10,54.895175,11.8001283,10,0,222,0
"581951",2020/09/29 06:51:11,54.895175,11.8001283,10,0,222,0
"581952",2020/09/29 06:51:12,54.895175,11.8001283,10,0,222,0
"581953",2020/09/29 06:51:13,54.895175,11.8001283,10,0,222,0
"581954",2020/09/29 06:51:14,54.895175,11.8001283,10,0,222,0
"581955",2020/09/29 06:51:15,54.895175,11.8001283,10,0,222,0
"581956",2020/09/29 06:51:16,54.895175,11.8001283,10,0,222,0
"581957",2020/09/29 06:51:17,54.895175,11.8001283,10,0,222,0
"581958",2020/09/29 06:51:18,54.895175,11.8001283,10,0,222,0
"581959",2020/09/29 06:51:19,54.895175,11.8001283,10,0,222,0
"581960",2020/09/29 06:51:20,54.895175,11.8001283,10,0,222,0
"581961",2020/09/29 06:51:21,54.895175,11.8001283,10,0,222,0
"581962",2020/09/29 06:51:22,54.895175,11.8001283,10,0,222,0
"581963",2020/09/29 06:51:23,54.895175,11.8001283,10,0,222,0
"581964",2020/09/29 06:51:24,54.895175,11.8001283,10,0,222,0
"581965",2020/09/29 06:51:25,54.895175,11.8001283,10,0,222,0
"581966",2020/09/29 06:51:26,54.895175,11.8001283,10,0,222,0
"581967",2020/09/29 06:51:27,54.895175,11.8001283,10,0,222,0
"581968",2020/09/29 06:51:28,54.895175,11.8001283,10,0,222,0
"581969",2020/09/29 06:51:29,54.895175,11.8001283,10,0,222,0
"581970",2020/09/29 06:51:30,54.895175,11.8001283,10,0,222,0
"581971",2020/09/29 06:51:31,54.895175,11.8001283,10,0,222,0
"581972",2020/09/29 06:51:32,54.895175,11.8001283,10,0,222,0
"581973",2020/09/29 06:51:33,54.895175,11.8001283,10,0,222,0
"581974",2020/09/29 06:51:34,54.895175,11.8001283,10,0,222,0
"581975",2020/09/29 06:51:35,54.895175,11.8001283,10,0,222,0
"581976",2020/09/29 06:51:36,54.895175,11.8001283,10,0,222,0
"581977",2020/09/29 06:51:37,54.895175,11.8001283,10,0,222,0
"581979",2020/09/29 06:51:38,54.895175,11.8001283,10,0,222,0
"581980",2020/09/29 06:51:39,54.895175,11.8001283,10,0,222,0
"581981",2020/09/29 06:51:40,54.895175,11.8001283,10,0,222,0
"581982",2020/09/29 06:51:41,54.895175,11.8001283,10,0,222,0
"581983",2020/09/29 06:51:42,54.895175,11.8001283,10,0,222,0
"581984",2020/09/29 06:51:43,54.895175,11.8001283,10,0,222,0
"581985",2020/09/29 06:51:44,54.895175,11.8001283,10,0,222,0
"581986",2020/09/29 06:51:45,54.895175,11.8001283,10,0,222,0
"581987",2020/09/29 06:51:46,54.895175,11.8001283,10,0,222,0
"581988",2020/09/29 06:51:47,54.895175,11.8001283,10,0,222,0
"581989",2020/09/29 06:51:48,54.895175,11.8001283,10,0,222,0
"581990",2020/09/29 06:51:49,54.8952549,11.8002016,11,0.539957,22,0
"581991",2020/09/29 06:51:50,54.8952616,11.8001983,11,0,22,0
"581992",2020/09/29 06:51:51,54.895265,11.8001933,11,0,22,0
"581993",2020/09/29 06:51:52,54.8952616,11.8001983,11,0,22,0
"581994",2020/09/29 06:51:53,54.8952616,11.8001983,11,0,22,0
"581995",2020/09/29 06:51:54,54.8952616,11.8001983,11,0,22,0
"581996",2020/09/29 06:51:55,54.8952616,11.8001983,11,0,22,0
"581997",2020/09/29 06:51:56,54.8952616,11.8001983,11,0,22,0
"581998",2020/09/29 06:51:57,54.8952616,11.8001983,11,0,22,0
"581999",2020/09/29 06:51:58,54.8952616,11.8001983,11,0,22,0
"582000",2020/09/29 06:51:59,54.8952616,11.8001983,11,0,22,0
